{
    "RederingSetting": {
        "bloom": {
            "luminanceThreshold": 1.0,
            "x": 128,
            "y": 128
        },
        "directionLight": {
            "color": [
                0.7450980544090271,
                0.4901960790157318,
                0.08235294371843338
            ],
            "shiness": 132.6999969482422
        },
        "hsv": [
            0.0,
            0.0,
            1.0
        ],
        "isDirectionLight": true,
        "isShadow": false,
        "lightRotate": [
            0.0,
            -2.2165682315826416,
            0.0
        ],
        "outline": 0.0,
        "outline_enable": false,
        "skybox": {
            "environment": 0.0,
            "environmentCoefficient": 0.0,
            "isDraw": true,
            "scale": [
                500.0,
                500.0,
                500.0
            ]
        },
        "tonemap": {
            "linear": [
                0.6000000238418579,
                0.4000000059604645
            ],
            "shoulder": [
                5.0,
                1.0
            ],
            "toe": [
                0.16599999368190765,
                0.13300000131130219
            ]
        }
    },
    "objects": [
        {
            "Comps": [
                {
                    "CompName": "class ModelRenderComp"
                },
                {
                    "BlendType": "kNone",
                    "CompName": "class ModelRenderDataComp",
                    "color": [
                        1.0,
                        1.0,
                        1.0,
                        1.0
                    ],
                    "fileName": "./Resources\\Common\\Ball.obj",
                    "isDraw": true,
                    "isLighting": true
                },
                {
                    "CompName": "class TransformComp",
                    "rotate": [
                        0.0,
                        0.0,
                        0.0,
                        1.0
                    ],
                    "scale": [
                        1.0,
                        1.0,
                        1.0
                    ],
                    "translate": [
                        0.0,
                        0.04800000041723251,
                        100.0
                    ]
                },
                {
                    "CompName": "class WaterComp"
                }
            ],
            "type": "Object"
        },
        {
            "Comps": [
                {
                    "CompName": "class SpriteRenderComp"
                },
                {
                    "CompName": "class TransformComp",
                    "rotate": [
                        0.7071068286895752,
                        0.0,
                        0.0,
                        0.7071067690849304
                    ],
                    "scale": [
                        400.0,
                        400.0,
                        1.0
                    ],
                    "translate": [
                        0.0,
                        -7.914535999298096,
                        100.0
                    ]
                },
                {
                    "BlendType": "kNone",
                    "CompName": "class SpriteRenderDataComp",
                    "color": [
                        1.0,
                        1.0,
                        1.0,
                        1.0
                    ],
                    "fileName": "./Resources\\sandybeach.png",
                    "offsetType": "kMiddle",
                    "uv": {
                        "rotate": [
                            1.0,
                            -1.1920930376163597e-07,
                            -1.1920930376163597e-07,
                            1.4210858103333793e-14
                        ],
                        "scale": [
                            100.0,
                            100.0,
                            1.0
                        ],
                        "translate": [
                            0.0,
                            0.0,
                            0.0
                        ]
                    }
                }
            ],
            "type": "Object"
        },
        {
            "Comps": [
                {
                    "CompName": "class TransformComp",
                    "rotate": [
                        0.057261958718299866,
                        0.4710306227207184,
                        -0.030659779906272888,
                        0.8797222971916199
                    ],
                    "scale": [
                        1.0,
                        1.0,
                        0.9999999403953552
                    ],
                    "translate": [
                        -26.083106994628906,
                        6.159270286560059,
                        78.9810562133789
                    ]
                },
                {
                    "CompName": "class CameraComp"
                },
                {
                    "CompName": "class Camera3DComp",
                    "aspectRatio": 1.7777777910232544,
                    "farClip": 1000.0,
                    "fov": 0.4869273006916046,
                    "nearClip": 0.10000000149011612
                }
            ],
            "type": "Object"
        },
        {
            "Comps": [
                {
                    "CompName": "class CloudRenderCoomp"
                },
                {
                    "CompName": "class TransformComp",
                    "rotate": [
                        -0.7071068286895752,
                        0.0,
                        0.0,
                        0.7071067690849304
                    ],
                    "scale": [
                        1000.0,
                        1000.0,
                        0.9999985694885254
                    ],
                    "translate": [
                        0.0,
                        42.52863693237305,
                        0.0
                    ]
                },
                {
                    "CompName": "class CloudRenderDataCoomp",
                    "density": 60.119998931884766,
                    "discard": 0.45399999618530273,
                    "min": 1.0
                },
                {
                    "BlendType": "kNormal",
                    "CompName": "class SpriteRenderDataComp",
                    "color": [
                        1.0,
                        1.0,
                        1.0,
                        1.0
                    ],
                    "fileName": "./Resources/EngineResources/white2x2.png",
                    "offsetType": "kMiddle",
                    "uv": {
                        "rotate": [
                            1.0,
                            -1.1920930376163597e-07,
                            -1.1920930376163597e-07,
                            1.4210858103333793e-14
                        ],
                        "scale": [
                            1.0,
                            1.0,
                            1.0
                        ],
                        "translate": [
                            0.0,
                            0.0,
                            0.0
                        ]
                    }
                }
            ],
            "type": "Object"
        }
    ],
    "scene": "waterTest"
}
