{
    "RederingSetting": {
        "bloom": {
            "luminanceThreshold": 1.0,
            "x": 128,
            "y": 128
        },
        "hsv": [
            0.0,
            0.0,
            1.0
        ],
        "isDirectionLight": true,
        "isShadow": false,
        "lightRotate": [
            0.3839724361896515,
            -3.1241393089294434,
            0.0
        ],
        "outline": 0.0,
        "outline_enable": false,
        "skybox": {
            "environment": 0.0,
            "environmentCoefficient": 0.0,
            "isDraw": true,
            "scale": [
                500.0,
                500.0,
                500.0
            ]
        }
    },
    "objects": [
        {
            "Comps": [
                {
                    "CompName": "class TransformComp",
                    "rotate": [
                        0.039989277720451355,
                        -0.0024979913141578436,
                        0.00010000750626204535,
                        0.9991970062255859
                    ],
                    "scale": [
                        1.0,
                        1.0,
                        0.9999999403953552
                    ],
                    "translate": [
                        0.25197720527648926,
                        3.1222856044769287,
                        -16.869678497314453
                    ]
                },
                {
                    "CompName": "class CameraComp"
                },
                {
                    "CompName": "class Camera3DComp",
                    "aspectRatio": 1.7777777910232544,
                    "farClip": 1000.0,
                    "fov": 0.4869273006916046,
                    "nearClip": 0.10000000149011612
                }
            ],
            "type": "Object"
        }
    ],
    "scene": "waterTest"
}
