{
    "Wind": {
        "objectData": {
            "Wind:0": {
                "position": [
                    -5.0,
                    0.0,
                    20.0
                ],
                "rotate": [
                    0.0,
                    1.5700000524520874,
                    0.0
                ],
                "scale": [
                    10.0,
                    1.0,
                    5.0
                ],
                "vector": [
                    0.0,
                    0.0,
                    1.0
                ]
            },
            "Wind:1": {
                "position": [
                    35.0,
                    0.0,
                    64.0
                ],
                "rotate": [
                    0.0,
                    1.5700000524520874,
                    0.0
                ],
                "scale": [
                    17.0,
                    1.0,
                    10.0
                ],
                "vector": [
                    0.0,
                    0.0,
                    1.0
                ]
            },
            "Wind:2": {
                "position": [
                    17.5,
                    0.0,
                    43.5
                ],
                "rotate": [
                    0.0,
                    0.0,
                    0.0
                ],
                "scale": [
                    27.5,
                    1.0,
                    9.0
                ],
                "vector": [
                    1.0,
                    0.0,
                    0.0
                ]
            }
        }
    }
}
